fragment_id,poem_id,author,origin,fragment_index,text
1,collins_introduction_to_poetry,Billy Collins,original,0,"I ask them to take a poem
and hold it up to the light
like a color slide

or press an ear against its hive."
2,collins_introduction_to_poetry,Billy Collins,original,1,"I say drop a mouse into a poem
and watch him probe his way out,

or walk inside the poem’s room
and feel the walls for a light switch."
3,collins_introduction_to_poetry,Billy Collins,original,2,"I want them to waterski
across the surface of a poem
waving at the author’s name on the shore."
4,collins_introduction_to_poetry,Billy Collins,original,3,"But all they want to do
is tie the poem to a chair with rope
and torture a confession out of it."
5,collins_introduction_to_poetry,Billy Collins,original,4,"They begin beating it with a hose
to find out what it really means."
6,collins_the_art_of_drowning,Billy Collins,original,0,"I wonder how it all got started, this business
about seeing your life flash before your eyes
while you drown, as if panic, or the act of submergence,
could startle time into such compression, crushing
decades in the vice of your desperate, final seconds."
7,collins_the_art_of_drowning,Billy Collins,original,1,"After falling off a steamship or being swept away
in a rush of floodwaters, wouldn't you hope
for a more leisurely review, an invisible hand
turning the pages of an album of photographs-
you up on a pony or blowing out candles in a conic hat."
8,collins_the_art_of_drowning,Billy Collins,original,2,"How about a short animated film, a slide presentation?
Your life expressed in an essay, or in one model photograph?
Wouldn't any form be better than this sudden flash?
Your whole existence going off in your face
in an eyebrow-singeing explosion of biography-
nothing like the three large volumes you envisioned."
9,collins_the_art_of_drowning,Billy Collins,original,3,"Survivors would have us believe in a brilliance
here, some bolt of truth forking across the water,
an ultimate Light before all the lights go out,
dawning on you with all its megalithic tonnage.
But if something does flash before your eyes
as you go under, it will probably be a fish,"
10,collins_the_art_of_drowning,Billy Collins,original,4,"a quick blur of curved silver darting away,
having nothing to do with your life or your death.
The tide will take you, or the lake will accept it all
as you sink toward the weedy disarray of the bottom,
leaving behind what you have already forgotten,
the surface, now overrun with the high travel of clouds."
11,collins_marginalia,Billy Collins,original,0,"Sometimes the notes are ferocious,
skirmishes against the author
raging along the borders of every page
in tiny black script."
12,collins_marginalia,Billy Collins,original,1,"If I could just get my hands on you,
Kierkegaard, or Conor Cruise O’Brien,
they seem to say,
I would bolt the door and beat some logic into your head."
13,collins_marginalia,Billy Collins,original,2,"Other comments are more offhand, dismissive -
“Nonsense.” “Please!” “HA!!” -
that kind of thing."
14,collins_marginalia,Billy Collins,original,3,"I remember once looking up from my reading,
my thumb as a bookmark,
trying to imagine what the person must look like
who wrote “Don’t be a ninny”
alongside a paragraph in The Life of Emily Dickinson."
15,collins_marginalia,Billy Collins,original,4,"Students are more modest
needing to leave only their splayed footprints
along the shore of the page.
One scrawls “Metaphor” next to a stanza of Eliot’s.
Another notes the presence of “Irony”
fifty times outside the paragraphs of A Modest Proposal."
16,collins_marginalia,Billy Collins,original,5,"Or they are fans who cheer from the empty bleachers,
hands cupped around their mouths.
“Absolutely,” they shout
to Duns Scotus and James Baldwin.
“Yes.” “Bull’s-eye.” “My man!”
Check marks, asterisks, and exclamation points
rain down along the sidelines."
17,collins_marginalia,Billy Collins,original,6,"And if you have managed to graduate from college
without ever having written “Man vs. Nature”
in a margin, perhaps now
is the time to take one step forward."
18,collins_marginalia,Billy Collins,original,7,"We have all seized the white perimeter as our own
and reached for a pen if only to show
we did not just laze in an armchair turning pages;
we pressed a thought into the wayside,
planted an impression along the verge."
19,collins_marginalia,Billy Collins,original,8,"Even Irish monks in their cold scriptoria
jotted along the borders of the Gospels
brief asides about the pains of copying,
a bird singing near their window,
or the sunlight that illuminated their page–
anonymous men catching a ride into the future
on a vessel more lasting than themselves."
20,collins_marginalia,Billy Collins,original,9,"And you have not read Joshua Reynolds,
they say, until you have read him
enwreathed with Blake’s furious scribbling."
21,collins_marginalia,Billy Collins,original,10,"Yet the one I think of most often,
the one that dangles from me like a locket,
was written in the copy of Catcher in the Rye
I borrowed from the local library
one slow, hot summer."
22,collins_marginalia,Billy Collins,original,11,"I was just beginning high school then,
reading books on a davenport in my parents’ living room,
and I cannot tell you
how vastly my loneliness was deepened,
how poignant and amplified the world before me seemed,
when I found on one page
a few greasy looking smears
and next to them, written in soft pencil–
by a beautiful girl, I could tell,
whom I would never meet–
“Pardon the egg salad stains, but I’m in love.”"
23,collins_forgetfulness,Billy Collins,original,0,"The name of the author is the first to go
followed obediently by the title, the plot,
the heartbreaking conclusion, the entire novel
which suddenly becomes one you have never read, never even heard of,"
24,collins_forgetfulness,Billy Collins,original,1,"as if, one by one, the memories you used to harbor
decided to retire to the southern hemisphere of the brain,
to a little fishing village where there are no phones."
25,collins_forgetfulness,Billy Collins,original,2,"Long ago you kissed the names of the nine muses goodbye
and watched the quadratic equation pack its bag,
and even now as you memorize the order of the planets,"
26,collins_forgetfulness,Billy Collins,original,3,"something else is slipping away, a state flower perhaps,
the address of an uncle, the capital of Paraguay."
27,collins_forgetfulness,Billy Collins,original,4,"Whatever it is you are struggling to remember,
it is not poised on the tip of your tongue
or even lurking in some obscure corner of your spleen."
28,collins_forgetfulness,Billy Collins,original,5,"It has floated away down a dark mythological river
whose name begins with an L as far as you can recall"
29,collins_forgetfulness,Billy Collins,original,6,"well on your own way to oblivion where you will join those
who have even forgotten how to swim and how to ride a bicycle."
30,collins_forgetfulness,Billy Collins,original,7,"No wonder you rise in the middle of the night
to look up the date of a famous battle in a book on war.
No wonder the moon in the window seems to have drifted   
out of a love poem that you used to know by heart."
31,collins_taking_off_emily_dickinsons_clothes,Billy Collins,original,0,"First, her tippet made of tulle,
easily lifted off her shoulders and laid
on the back of a wooden chair."
32,collins_taking_off_emily_dickinsons_clothes,Billy Collins,original,1,"And her bonnet,
the bow undone with a light forward pull."
33,collins_taking_off_emily_dickinsons_clothes,Billy Collins,original,2,"Then the long white dress, a more
complicated matter with mother-of-pearl
buttons down the back,
so tiny and numerous that it takes forever
before my hands can part the fabric,
like a swimmer's dividing water,
and slip inside."
34,collins_taking_off_emily_dickinsons_clothes,Billy Collins,original,3,"You will want to know
that she was standing
by an open window in an upstairs bedroom,
motionless, a little wide-eyed,
looking out at the orchard below,
the white dress puddled at her feet
on the wide-board, hardwood floor."
35,collins_taking_off_emily_dickinsons_clothes,Billy Collins,original,4,"The complexity of women's undergarments
in nineteenth-century America
is not to be waved off,
and I proceeded like a polar explorer
through clips, clasps, and moorings,
catches, straps, and whalebone stays,
sailing toward the iceberg of her nakedness."
36,collins_taking_off_emily_dickinsons_clothes,Billy Collins,original,5,"Later, I wrote in a notebook
it was like riding a swan into the night,
but, of course, I cannot tell you everything -
the way she closed her eyes to the orchard,
how her hair tumbled free of its pins,
how there were sudden dashes
whenever we spoke."
37,collins_taking_off_emily_dickinsons_clothes,Billy Collins,original,6,"What I can tell you is
it was terribly quiet in Amherst
that Sabbath afternoon,
nothing but a carriage passing the house,
a fly buzzing in a windowpane."
38,collins_taking_off_emily_dickinsons_clothes,Billy Collins,original,7,"So I could plainly hear her inhale
when I undid the very top
hook-and-eye fastener of her corset"
39,collins_taking_off_emily_dickinsons_clothes,Billy Collins,original,8,"and I could hear her sigh when finally it was unloosed,
the way some readers sigh when they realize
that Hope has feathers,
that reason is a plank,
that life is a loaded gun
that looks right at you with a yellow eye."
40,collins_litany,Billy Collins,original,0,"You are the bread and the knife,
the crystal goblet and the wine.
You are the dew on the morning grass
and the burning wheel of the sun.
You are the white apron of the baker,
and the marsh birds suddenly in flight."
41,collins_litany,Billy Collins,original,1,"However, you are not the wind in the orchard,
the plums on the counter,
or the house of cards.
And you are certainly not the pine-scented air.
There is just no way that you are the pine-scented air."
42,collins_litany,Billy Collins,original,2,"It is possible that you are the fish under the bridge,
maybe even the pigeon on the general's head,
but you are not even close
to being the field of cornflowers at dusk."
43,collins_litany,Billy Collins,original,3,"And a quick look in the mirror will show
that you are neither the boots in the corner
nor the boat asleep in its boathouse.
It might interest you to know,
speaking of the plentiful imagery of the world,
that I am the sound of rain on the roof."
44,collins_litany,Billy Collins,original,4,"I also happen to be the shooting star,
the evening paper blowing down an alley
and the basket of chestnuts on the kitchen table."
45,collins_litany,Billy Collins,original,5,"I am also the moon in the trees
and the blind woman's tea cup.
But don't worry, I'm not the bread and the knife.
You are still the bread and the knife.
You will always be the bread and the knife,
not to mention the crystal goblet and—somehow—the wine."
46,collins_the_country,Billy Collins,original,0,"I wondered about you
when you told me never to leave
a box of wooden, strike-anywhere matches
lying around the house because the mice"
47,collins_the_country,Billy Collins,original,1,"might get into them and start a fire.
But your face was absolutely straight
when you twisted the lid down on the round tin
where the matches, you said, are always stowed."
48,collins_the_country,Billy Collins,original,2,"Who could sleep that night?
Who could whisk away the thought
of the one unlikely mouse
padding along a cold water pipe"
49,collins_the_country,Billy Collins,original,3,"behind the floral wallpaper
gripping a single wooden match
between the needles of his teeth?
Who could not see him rounding a corner,"
50,collins_the_country,Billy Collins,original,4,"the blue tip scratching against a rough-hewn beam,
the sudden flare, and the creature
for one bright, shining moment
suddenly thrust ahead of his time—"
51,collins_the_country,Billy Collins,original,5,"now a fire-starter, now a torchbearer
in a forgotten ritual, little brown druid
illuminating some ancient night.
Who could fail to notice,"
52,collins_the_country,Billy Collins,original,6,"lit up in the blazing insulation,
the tiny looks of wonderment on the faces
of his fellow mice, onetime inhabitants
of what once was your house in the country?"
53,collins_the_trouble_with_poetry,Billy Collins,original,0,"The trouble with poetry, I realized
as I walked along a beach one night —
cold Florida sand under my bare feet,
a show of stars in the sky —"
54,collins_the_trouble_with_poetry,Billy Collins,original,1,"the trouble with poetry is
that it encourages the writing of more poetry,
more guppies crowding the fish tank,
more baby rabbits
hopping out of their mothers into the dewy grass."
55,collins_the_trouble_with_poetry,Billy Collins,original,2,"And how will it ever end?
unless the day finally arrives
when we have compared everything in the world
to everything else in the world,"
56,collins_the_trouble_with_poetry,Billy Collins,original,3,"and there is nothing left to do
but quietly close our notebooks
and sit with our hands folded on our desks."
57,collins_the_trouble_with_poetry,Billy Collins,original,4,"Poetry fills me with joy
and I rise like a feather in the wind.
Poetry fills me with sorrow
and I sink like a chain flung from a bridge."
58,collins_the_trouble_with_poetry,Billy Collins,original,5,"But mostly poetry fills me
with the urge to write poetry,
to sit in the dark and wait for a little flame
to appear at the tip of my pencil."
59,collins_the_trouble_with_poetry,Billy Collins,original,6,"And along with that, the longing to steal,
to break into the poems of others
with a flashlight and a ski mask."
60,collins_the_trouble_with_poetry,Billy Collins,original,7,"And what an unmerry band of thieves we are,
cut-purses, common shoplifters,
I thought to myself
as a cold wave swirled around my feet
and the lighthouse moved its megaphone over the sea,
which is an image I stole directly
from Lawrence Ferlinghetti —
to be perfectly honest for a moment —"
61,collins_the_trouble_with_poetry,Billy Collins,original,8,"the bicycling poet of San Francisco
whose little amusement park of a book
I carried in a side pocket of my uniform
up and down the treacherous halls of high school."
62,collins_aimless_love,Billy Collins,original,0,"This morning as I walked along the lakeshore,
I fell in love with a wren
and later in the day with a mouse
the cat had dropped under the dining room table."
63,collins_aimless_love,Billy Collins,original,1,"In the shadows of an autumn evening,
I fell for a seamstress
still at her machine in the tailor's window,
and later for a bowl of broth,
steam rising like smoke from a naval battle."
64,collins_aimless_love,Billy Collins,original,2,"This is the best kind of love, I thought,
without recompense, without gifts,
or unkind words, without suspicion,
or silence on the telephone."
65,collins_aimless_love,Billy Collins,original,3,"The love of the chestnut,
the jazz cap and one hand on the wheel."
66,collins_aimless_love,Billy Collins,original,4,"No lust, no slam of the door—
the love of the miniature orange tree,
the clean white shirt, the hot evening shower,
the highway that cuts across Florida."
67,collins_aimless_love,Billy Collins,original,5,"No waiting, no huffiness, or rancor—
just a twinge every now and then"
68,collins_aimless_love,Billy Collins,original,6,"for the wren who had built her nest
on a low branch overhanging the water
and for the dead mouse,
still dressed in its light brown suit."
69,collins_aimless_love,Billy Collins,original,7,"But my heart is always propped up
in a field on its tripod,
ready for the next arrow."
70,collins_aimless_love,Billy Collins,original,8,"After I carried the mouse by the tail
to a pile of leaves in the woods,
I found myself standing at the bathroom sink
gazing down affectionately at the soap,"
71,collins_aimless_love,Billy Collins,original,9,"so patient and soluble,
so at home in its pale green soap dish.
I could feel myself falling again
as I felt its turning in my wet hands
and caught the scent of lavender and stone."
72,collins_the_lanyard,Billy Collins,original,0,"The other day I was ricocheting slowly
off the blue walls of this room,
moving as if underwater from typewriter to piano,
from bookshelf to an envelope lying on the floor,
when I found myself in the L section of the dictionary
where my eyes fell upon the word lanyard."
73,collins_the_lanyard,Billy Collins,original,1,"No cookie nibbled by a French novelist
could send one into the past more suddenly—
a past where I sat at a workbench at a camp
by a deep Adirondack lake
learning how to braid long thin plastic strips
into a lanyard, a gift for my mother."
74,collins_the_lanyard,Billy Collins,original,2,"I had never seen anyone use a lanyard
or wear one, if that’s what you did with them,
but that did not keep me from crossing
strand over strand again and again
until I had made a boxy
red and white lanyard for my mother."
75,collins_the_lanyard,Billy Collins,original,3,"She gave me life and milk from her breasts,
and I gave her a lanyard.
She nursed me in many a sick room,
lifted spoons of medicine to my lips,
laid cold face-cloths on my forehead,
and then led me out into the airy light"
76,collins_the_lanyard,Billy Collins,original,4,"and taught me to walk and swim,
and I, in turn, presented her with a lanyard.
Here are thousands of meals, she said,
and here is clothing and a good education.
And here is your lanyard, I replied,
which I made with a little help from a counselor."
77,collins_the_lanyard,Billy Collins,original,5,"Here is a breathing body and a beating heart,
strong legs, bones and teeth,
and two clear eyes to read the world, she whispered,
and here, I said, is the lanyard I made at camp.
And here, I wish to say to her now,
is a smaller gift—not the worn truth"
78,collins_the_lanyard,Billy Collins,original,6,"that you can never repay your mother,
but the rueful admission that when she took
the two-tone lanyard from my hand,
I was as sure as a boy could be
that this useless, worthless thing I wove
out of boredom would be enough to make us even."
79,gluck_descending_figure,Louise Gluck,original,0,"At twilight I went into the street.
The sun hung low in the iron sky,
ringed with cold plumage."
80,gluck_descending_figure,Louise Gluck,original,1,"If I could rite to you
about this emptiness—
Along the curb, groups of children
were playing in the dry leaves."
81,gluck_descending_figure,Louise Gluck,original,2,"Long ago, at this hour, my mother stood
at the lawn’s edge, holding my little sister."
82,gluck_descending_figure,Louise Gluck,original,3,"Everyone was gone; I was playing
in the dark street with my other sister,
whom death had made so lonely.
Night after night we watched the screened porch
filling with a gold, magnetic light."
83,gluck_descending_figure,Louise Gluck,original,4,"Why was she never called?
Often I would let my own name glide past me
though I craved its protection."
84,gluck_descending_figure,Louise Gluck,original,5,"A small child
is ill, has wakened.
It is winter, past midnight
in Antwerp. Above a wooden chest,
the stars shine."
85,gluck_descending_figure,Louise Gluck,original,6,"And the child
relaxes in her mother’s arms.
The mother does not sleep;
she stares
fixedly into the bright museum."
86,gluck_descending_figure,Louise Gluck,original,7,"By spring the child will die.
Then it is wrong, wrong
to hold her—
Let her be alone,
without memory, as the others wake
terrified, scraping the dark
paint from their faces."
87,gluck_descending_figure,Louise Gluck,original,8,"Far away my sister is moving in her crib.
The dead ones are like that,
always the last to quiet."
88,gluck_descending_figure,Louise Gluck,original,9,"Because, however long they lie in the earth,
they will not learn to speak
but remain uncertainly pressing against the wooden bars,
so small the leaves hold them down."
89,gluck_descending_figure,Louise Gluck,original,10,"Now, if she had a voice,
the cries of hunger would be beginning.
I should go to her;
perhaps if I sang very softly,
her skin so white,
her head covered with black feathers…"
90,gluck_metamorphosis,Louise Gluck,original,0,"The angel of death flies 
low over my father’s bed. 
Only my mother sees. She and my father 
are alone in the room."
91,gluck_metamorphosis,Louise Gluck,original,1,"She bends over him to touch 
his hand, his forehead. She is 
so used to mothering 
that now she strokes his body 
as she would the other children’s, 
first gently, then 
inured to suffering."
92,gluck_metamorphosis,Louise Gluck,original,2,"Nothing is any different.
Even the spot on the lung 
was always there."
93,gluck_metamorphosis,Louise Gluck,original,3,"My father has forgotten me 
in the excitement of dying. 
Like a child who will not eat, 
he takes no notice of anything."
94,gluck_metamorphosis,Louise Gluck,original,4,"I sit at the edge of his bed 
while the living circle us 
like so many tree stumps."
95,gluck_metamorphosis,Louise Gluck,original,5,"Once, for the smallest 
fraction of an instant, I thought 
he was alive in the present again; 
then he looked at me 
as a blind man stares 
straight into the sun, since 
whatever it could do to him 
is done already."
96,gluck_metamorphosis,Louise Gluck,original,6,"Then his flushed face 
turned away from the contact."
97,gluck_metamorphosis,Louise Gluck,original,7,"I’m going to live without you 
as I learned once 
to live without my mother. 
You think I don’t remember that? 
I’ve spent my whole life trying to remember."
98,gluck_metamorphosis,Louise Gluck,original,8,"Now, after so much solitude, 
death doesn’t frighten me, 
not yours, nor mine either. 
And those words, the last time, 
have no power over me. I know 
intense love always leads to mourning."
99,gluck_metamorphosis,Louise Gluck,original,9,"For once, your body doesn’t frighten me. 
From time to time, I run my hand over your face 
lightly, like a dust cloth. 
What can shock me now? I feel 
no coldness that can’t be explained. 
Against your cheek, my hand is warm 
and full of tenderness."
100,gluck_mock_orange,Louise Gluck,original,0,"It is not the moon, I tell you.
It is these flowers
lighting the yard."
101,gluck_mock_orange,Louise Gluck,original,1,"I hate them.
I hate them as I hate sex,
the man’s mouth
sealing my mouth, the man’s
paralyzing body—"
102,gluck_mock_orange,Louise Gluck,original,2,"and the cry that always escapes,
the low, humiliating
premise of union—"
103,gluck_mock_orange,Louise Gluck,original,3,"In my mind tonight
I hear the question and pursuing answer
fused in one sound
that mounts and mounts and then
is split into the old selves,
the tired antagonisms. Do you see?
We were made fools of.
And the scent of mock orange
drifts through the window."
104,gluck_mock_orange,Louise Gluck,original,4,"How can I rest?
How can I be content
when there is still
that odor in the world?"
105,gluck_parodos,Louise Gluck,original,0,"Long ago, I was wounded.
I learned
to exist, in reaction,
out of touch
with the world: I'll tell you
what I meant to be—
a device that listened."
106,gluck_parodos,Louise Gluck,original,1,"Not inert: still.
A piece of wood. A stone.
Why should I tire myself, debating, arguing?
Those people breathing in the other beds
could hardly follow, being
uncontrollable
like any dream—"
107,gluck_parodos,Louise Gluck,original,2,"Through the blinds, I watched
the moon in the night sky, shrinking and swelling—
I was born to a vocation:
to bear witness
to the great mysteries."
108,gluck_parodos,Louise Gluck,original,3,"Now that I've seen both
birth and death, I know
to the dark nature these
are proofs, not
mysteries—"
109,gluck_penelopes_song,Louise Gluck,original,0,"Little soul, little perpetually undressed one,
Do now as I bid you, climb
The shelf-like branches of the spruce tree;
Wait at the top, attentive, like
A sentry or look-out. He will be home soon;
It behooves you to be
Generous."
110,gluck_penelopes_song,Louise Gluck,original,1,"You have not been completely
Perfect either; with your troublesome body
You have done things you shouldn't
Discuss in poems."
111,gluck_penelopes_song,Louise Gluck,original,2,"Therefore
Call out to him over the open water, over the bright
Water
With your dark song, with your grasping,
Unnatural song—passionate,
Like Maria Callas. Who
Wouldn't want you? Whose most demonic appetite
Could you possibly fail to answer?"
112,gluck_penelopes_song,Louise Gluck,original,3,"Soon
He will return from wherever he goes in the
Meantime,
Suntanned from his time away, wanting
His grilled chicken."
113,gluck_penelopes_song,Louise Gluck,original,4,"Ah, you must greet him,
You must shake the boughs of the tree
To get his attention,
But carefully, carefully, lest
His beautiful face be marred
By too many falling needles."
114,gluck_the_drowned_children,Louise Gluck,original,0,"You see, they have no judgment.
So it is natural that they should drown,
first the ice taking them in
and then, all winter, their wool scarves
floating behind them as they sink
until at last they are quiet.
And the pond lifts them in its manifold dark arms."
115,gluck_the_drowned_children,Louise Gluck,original,1,"But death must come to them differently,
so close to the beginning.
As though they had always been
blind and weightless. Therefore
the rest is dreamed, the lamp,
the good white cloth that covered the table,
their bodies."
116,gluck_the_drowned_children,Louise Gluck,original,2,"And yet they hear the names they used
like lures slipping over the pond:
What are you waiting for
come home, come home, lost
in the waters, blue and permanent."
117,gluck_the_garden,Louise Gluck,original,0,"I couldn’t do it again,
I can hardly bear to look at it—"
118,gluck_the_garden,Louise Gluck,original,1,"in the garden, in light rain
the young couple planting
a row of peas, as though
no one has ever done this before,
the great difficulties have never as yet
been faced and solved—"
119,gluck_the_garden,Louise Gluck,original,2,"They cannot see themselves,
in fresh dirt, starting up
without perspective,
the hills behind them pale green,
clouded with flowers—"
120,gluck_the_garden,Louise Gluck,original,3,"She wants to stop;
he wants to get to the end,
to stay with the thing—"
121,gluck_the_garden,Louise Gluck,original,4,"Look at her, touching his cheek
to make a truce, her fingers
cool with spring rain;
in thin grass, bursts of purple crocus—

even here, even at the beginning of love,
her hand leaving his face makes
an image of departure"
122,gluck_the_garden,Louise Gluck,original,5,"and they think
they are free to overlook
this sadness."
123,gluck_the_school_children,Louise Gluck,original,0,"The children go forward with their little satchels.
And all morning the mothers have labored
to gather the late apples, red and gold,
like words of another language."
124,gluck_the_school_children,Louise Gluck,original,1,"And on the other shore
are those who wait behind great desks
to receive these offerings."
125,gluck_the_school_children,Louise Gluck,original,2,"How orderly they are — the nails
on which the children hang
their overcoats of blue or yellow wool."
126,gluck_the_school_children,Louise Gluck,original,3,"And the teachers shall instruct them in silence
and the mothers shall scour the orchards for a way out,
drawing to themselves the gray limbs of the fruit trees
bearing so little ammunition."
127,gluck_the_untrustworthy_speaker,Louise Gluck,original,0,"Don’t listen to me; my heart’s been broken.
I don’t see anything objectively."
128,gluck_the_untrustworthy_speaker,Louise Gluck,original,1,"I know myself; I’ve learned to hear like a psychiatrist.
When I speak passionately,
that’s when I’m least to be trusted."
129,gluck_the_untrustworthy_speaker,Louise Gluck,original,2,"It’s very sad, really: all my life, I’ve been praised
for my intelligence, my powers of language, of insight.
In the end, they’re wasted—"
130,gluck_the_untrustworthy_speaker,Louise Gluck,original,3,"I never see myself,
standing on the front steps, holding my sister’s hand.
That’s why I can’t account
for the bruises on her arm, where the sleeve ends."
131,gluck_the_untrustworthy_speaker,Louise Gluck,original,4,"In my own mind, I’m invisible: that’s why I’m dangerous.
People like me, who seem selfless,
we’re the cripples, the liars;
we’re the ones who should be factored out
in the interest of truth."
132,gluck_the_untrustworthy_speaker,Louise Gluck,original,5,"When I’m quiet, that’s when the truth emerges.
A clear sky, the clouds like white fibers.
Underneath, a little gray house, the azaleas
red and bright pink."
133,gluck_the_untrustworthy_speaker,Louise Gluck,original,6,"If you want the truth, you have to close yourself
to the older daughter, block her out:
when a living thing is hurt like that,
in its deepest workings,
all function is altered."
134,gluck_the_untrustworthy_speaker,Louise Gluck,original,7,"That’s why I’m not to be trusted.
Because a wound to the heart
is also a wound to the mind."
135,gluck_the_wild_iris,Louise Gluck,original,0,"At the end of my suffering
there was a door."
136,gluck_the_wild_iris,Louise Gluck,original,1,"Hear me out: that which you call death
I remember."
137,gluck_the_wild_iris,Louise Gluck,original,2,"Overhead, noises, branches of the pine shifting.
Then nothing. The weak sun
flickered over the dry surface."
138,gluck_the_wild_iris,Louise Gluck,original,3,"It is terrible to survive
as consciousness
buried in the dark earth."
139,gluck_the_wild_iris,Louise Gluck,original,4,"Then it was over: that which you fear, being
a soul and unable
to speak, ending abruptly, the stiff earth
bending a little.  And what I took to be
birds darting in low shrubs."
140,gluck_the_wild_iris,Louise Gluck,original,5,"You who do not remember
passage from the other world
I tell you I could speak again: whatever
returns from oblivion returns
to find a voice:"
141,gluck_the_wild_iris,Louise Gluck,original,6,"from the center of my life came
a great fountain, deep blue
shadows on azure sea water."
142,heaney_a_call,Seamus Heaney,original,0,"“Hold on,” she said, “I’ll just run out and get him.
The weather here’s so good, he took the chance
To do a bit of weeding.”"
143,heaney_a_call,Seamus Heaney,original,1,"So I saw him
Down on his hands and knees beside the leek rig,
Touching, inspecting, separating one
Stalk from the other, gently pulling up
Everything not tapered, frail and leafless,
Pleased to feel each little weed-root break,
But rueful also..."
144,heaney_a_call,Seamus Heaney,original,2,"Then found myself listening to
The amplified grave ticking of hall clocks
Where the phone lay unattended in a calm
Of mirror glass and sunstruck pendulums..."
145,heaney_a_call,Seamus Heaney,original,3,"And found myself then thinking: if it were nowadays,
This is how Death would summon Everyman.
 
Next thing he spoke and I nearly said I loved him."
146,heaney_blackberry_picking,Seamus Heaney,original,0,"Late August, given heavy rain and sun
For a full week, the blackberries would ripen."
147,heaney_blackberry_picking,Seamus Heaney,original,1,"At first, just one, a glossy purple clot
Among others, red, green, hard as a knot."
148,heaney_blackberry_picking,Seamus Heaney,original,2,"You ate that first one and its flesh was sweet
Like thickened wine: summer's blood was in it
Leaving stains upon the tongue and lust for
Picking."
149,heaney_blackberry_picking,Seamus Heaney,original,3,"Then red ones inked up and that hunger
Sent us out with milk cans, pea tins, jam-pots
Where briars scratched and wet grass bleached our boots."
150,heaney_blackberry_picking,Seamus Heaney,original,4,"Round hayfields, cornfields and potato-drills
We trekked and picked until the cans were full,
Until the tinkling bottom had been covered
With green ones, and on top big dark blobs burned
Like a plate of eyes."
151,heaney_blackberry_picking,Seamus Heaney,original,5,"Our hands were peppered
With thorn pricks, our palms sticky as Bluebeard's."
152,heaney_blackberry_picking,Seamus Heaney,original,6,"We hoarded the fresh berries in the byre.
But when the bath was filled we found a fur,
A rat-grey fungus, glutting on our cache."
153,heaney_blackberry_picking,Seamus Heaney,original,7,"The juice was stinking too. Once off the bush
The fruit fermented, the sweet flesh would turn sour."
154,heaney_blackberry_picking,Seamus Heaney,original,8,"I always felt like crying. It wasn't fair
That all the lovely canfuls smelt of rot.
Each year I hoped they'd keep, knew they would not."
155,heaney_bogland,Seamus Heaney,original,0,"We have no prairies
To slice a big sun at evening—
Everywhere the eye concedes to
Encrouching horizon,"
156,heaney_bogland,Seamus Heaney,original,1,"Is wooed into the cyclops’ eye
Of a tarn. Our unfenced country
Is bog that keeps crusting
Between the sights of the sun."
157,heaney_bogland,Seamus Heaney,original,2,"They’ve taken the skeleton
Of the Great Irish Elk
Out of the peat, set it up
An astounding crate full of air."
158,heaney_bogland,Seamus Heaney,original,3,"Butter sunk under
More than a hundred years
Was recovered salty and white.
The ground itself is kind, black butter"
159,heaney_bogland,Seamus Heaney,original,4,"Melting and opening underfoot,
Missing its last definition
By millions of years.
They’ll never dig coal here,"
160,heaney_bogland,Seamus Heaney,original,5,"Only the waterlogged trunks
Of great firs, soft as pulp.
Our pioneers keep striking
Inwards and downwards,"
161,heaney_bogland,Seamus Heaney,original,6,"Every layer they strip
Seems camped on before.
The bogholes might be Atlantic seepage.
The wet centre is bottomless."
162,heaney_exposure,Seamus Heaney,original,0,"It is December in Wicklow:
Alders dripping, birches
Inheriting the last light,
The ash tree cold to look at."
163,heaney_exposure,Seamus Heaney,original,1,"A comet that was lost
Should be visible at sunset,
Those million tons of light
Like a glimmer of haws and rose-hips,"
164,heaney_exposure,Seamus Heaney,original,2,"And I sometimes see a falling star.
If I could come on meteorite!
Instead I walk through damp leaves,
Husks, the spent flukes of autumn,"
165,heaney_exposure,Seamus Heaney,original,3,"Imagining a hero
On some muddy compound,
His gift like a slingstone
Whirled for the desperate."
166,heaney_exposure,Seamus Heaney,original,4,"How did I end up like this?
I often think of my friends’
Beautiful prismatic counselling
And the anvil brains of some who hate me"
167,heaney_exposure,Seamus Heaney,original,5,"As I sit weighing and weighing
My responsible tristia.
For what? For the ear? For the people?
For what is said behind-backs?"
168,heaney_exposure,Seamus Heaney,original,6,"Rain comes down through the alders,
Its low conductive voices
Mutter about let-downs and erosions
And yet each drop recalls"
169,heaney_exposure,Seamus Heaney,original,7,"The diamond absolutes.
I am neither internee nor informer;
An inner migr, grown long-haired
And thoughtful; a wood-kerne"
170,heaney_exposure,Seamus Heaney,original,8,"Escaped from the massacre,
Taking protective colouring
From bole and bark, feeling
Every wind that blows;"
171,heaney_exposure,Seamus Heaney,original,9,"Who, blowing up these sparks
For their meagre heat, have missed
The once-in-a-lifetime portent,
The comet’s pulsing rose."
172,heaney_follower,Seamus Heaney,original,0,"My father worked with a horse-plough,
His shoulders globed like a full sail strung
Between the shafts and the furrow.
The horses strained at his clicking tongue."
173,heaney_follower,Seamus Heaney,original,1,"An expert. He would set the wing
And fit the bright steel-pointed sock.
The sod rolled over without breaking.
At the headrig, with a single pluck"
174,heaney_follower,Seamus Heaney,original,2,"Of reins, the sweating team turned round
And back into the land. His eye
Narrowed and angled at the ground,
Mapping the furrow exactly."
175,heaney_follower,Seamus Heaney,original,3,"I stumbled in his hobnailed wake,
Fell sometimes on the polished sod;
Sometimes he rode me on his back
Dipping and rising to his plod."
176,heaney_follower,Seamus Heaney,original,4,"I wanted to grow up and plough,
To close one eye, stiffen my arm.
All I ever did was follow
In his broad shadow round the farm."
177,heaney_follower,Seamus Heaney,original,5,"I was a nuisance, tripping, falling,
Yapping always. But today
It is my father who keeps stumbling
Behind me, and will not go away"
178,heaney_from_the_republic_of_conscience,Seamus Heaney,original,0,"When I landed in the republic of conscience
It was so noiseless when the engines stopped.
I could hear a curlew high above the runway."
179,heaney_from_the_republic_of_conscience,Seamus Heaney,original,1,"At immigration, the clerk was an old man
who produced a wallet from his homespun coat
and showed me a photograph of my grandfather."
180,heaney_from_the_republic_of_conscience,Seamus Heaney,original,2,"The woman in customs asked me to declare
the words of our traditional cures and charms
to heal dumbness and avert the evil eye."
181,heaney_from_the_republic_of_conscience,Seamus Heaney,original,3,"No porters. No interpreter. No taxi.
You carried your own burden and very soon
your symptoms of creeping privilege disappeared."
182,heaney_from_the_republic_of_conscience,Seamus Heaney,original,4,"Fog is a dreaded omen there, but lightning
spells universal good and parents hang
swaddled infants in trees during thunder storms."
183,heaney_from_the_republic_of_conscience,Seamus Heaney,original,5,"Salt is their precious mineral. And seashells
are held to the ear during births and funerals.
The base of all inks and pigments is seawater."
184,heaney_from_the_republic_of_conscience,Seamus Heaney,original,6,"Their sacred symbol is a stylized boat
The sail is an ear, the mast a sloping pen,
The hull a mouth-shape, the keel an open eye."
185,heaney_from_the_republic_of_conscience,Seamus Heaney,original,7,"At their inauguration, public leaders
must swear to uphold unwritten law and weep
to atone for their presumption to hold office
and to affirm their faith that all life sprang
from salt in tears which the sky-god wept
after he dreamt his solitude was endless."
186,heaney_from_the_republic_of_conscience,Seamus Heaney,original,8,"I came back from that frugal republic
with my two arms the one length, the customs woman
having insisted my allowance was myself"
187,heaney_from_the_republic_of_conscience,Seamus Heaney,original,9,"The old man rose and gazed into my face
and said that was official recognition
that I was now a dual citizen."
188,heaney_from_the_republic_of_conscience,Seamus Heaney,original,10,"He therefore desired me when I got home
to consider myself a representative
and to speak on their behalf in my own tongue."
189,heaney_from_the_republic_of_conscience,Seamus Heaney,original,11,"Their embassies, he said, were everywhere
but operated independently
and no ambassador would ever be relieved."
190,heaney_markings,Seamus Heaney,original,0,"We marked the pitch: four jackets for four goalposts,
That was all. The corners and the squares
Were there like longitude and latitude
Under the bumpy thistly ground, to be
Agreed about or disagreed about
When the time came. And then we picked the teams
And crossed the line our called names drew between us."
191,heaney_markings,Seamus Heaney,original,1,"Youngsters shouting their heads off in a field
As the light died and they kept on playing
Because by then they were playing in their heads"
192,heaney_markings,Seamus Heaney,original,2,"And the actual kicked ball came to them
Like a dream heaviness, and their own hard
Breathing in the dark and skids on grass
Sounded like effort in another world..."
193,heaney_markings,Seamus Heaney,original,3,"It was quick and constant, a game that never need
Be played out. Some limit had been passed,
There was fleetness, furtherance, untiredness
In time that was extra, unforeseen and free."
194,heaney_markings,Seamus Heaney,original,4,"You also loved lines pegged out in the garden,
The spade nicking the first straight edge along
The tight white string. Or string stretched perfectly
To mark the outline of a house foundation"
195,heaney_markings,Seamus Heaney,original,5,"Pale timber battens set at right angles
For every corner, each freshly sawn new board
Spick and span in the oddly passive grass."
196,heaney_markings,Seamus Heaney,original,6,"Or the imaginary line straight down
A field of grazing, to be ploughed open
From the rod stuck in one headrig to the rod
Stuck in the other."
197,heaney_markings,Seamus Heaney,original,7,"All these things entered you
As if they were both the door and what came through it.
They marked the spot, marked time and held it open."
198,heaney_markings,Seamus Heaney,original,8,"A mower parted the bronze sea of corn.
A windlass hauled the centre out of water."
199,heaney_markings,Seamus Heaney,original,9,"Two men with a cross-cut kept it swimming
Into a felled beech backwards and forwards
So that they seemed to row the steady earth."
200,heaney_mint,Seamus Heaney,original,0,"It looked like a clump of small dusty nettles
Growing wild at the gable of the house
Beyond where we dumped our refuse and old bottles:
Unverdant ever, almost beneath notice."
201,heaney_mint,Seamus Heaney,original,1,"But, to be fair, it also spelled promise
And newness in the back yard of our life
As if something callow yet tenacious
Sauntered in green alleys and grew rife."
202,heaney_mint,Seamus Heaney,original,2,"The snip of scissor blades, the light of Sunday
Mornings when the mint was cut and loved:
My last things will be first things slipping from me.
Yet let all things go free that have survived."
203,heaney_mint,Seamus Heaney,original,3,"Let the smells of mint go heady and defenceless
Like inmates liberated in that yard.
Like the disregarded ones we turned against
Because we’d failed them by our disregard."
204,heaney_personal_helicon,Seamus Heaney,original,0,"As a child, they could not keep me from wells
And old pumps with buckets and windlasses.
I loved the dark drop, the trapped sky, the smells
Of waterweed, fungus and dank moss."
205,heaney_personal_helicon,Seamus Heaney,original,1,"One, in a brickyard, with a rotted board top.
I savoured the rich crash when a bucket
Plummeted down at the end of a rope.
So deep you saw no reflection in it."
206,heaney_personal_helicon,Seamus Heaney,original,2,"A shallow one under a dry stone ditch
Fructified like any aquarium.
When you dragged out long roots from the soft mulch,
A white face hovered over the bottom."
207,heaney_personal_helicon,Seamus Heaney,original,3,"Others had echoes, gave back your own call
With a clean new music in it. And one
Was scaresome, for there, out of ferns and tall
Foxgloves, a rat slapped across my reflection."
208,heaney_personal_helicon,Seamus Heaney,original,4,"Now, to pry into roots, to finger slime,
To stare, big-eyed Narcissus, into some spring
Is beneath all adult dignity. I rhyme
To see myself, to set the darkness echoing."
209,heaney_the_harvest_bow,Seamus Heaney,original,0,"As you plaited the harvest bow
You implicated the mellowed silence in you
In wheat that does not rust
But brightens as it tightens twist by twist
Into a knowable corona,
A throwaway love-knot of straw."
210,heaney_the_harvest_bow,Seamus Heaney,original,1,"Hands that aged round ashplants and cane sticks
And lapped the spurs on a lifetime of game cocks
Harked to their gift and worked with fine intent
Until your fingers moved somnambulant:
I tell and finger it like braille,
Gleaning the unsaid off the palpable,"
211,heaney_the_harvest_bow,Seamus Heaney,original,2,"And if I spy into its golden loops
I see us walk between the railway slopes
Into an evening of long grass and midges,
Blue smoke straight up, old beds and ploughs in hedges,
An auction notice on an outhouse wall—
You with a harvest bow in your lapel,"
212,heaney_the_harvest_bow,Seamus Heaney,original,3,"Me with the fishing rod, already homesick
For the big lift of these evenings, as your stick
Whacking the tips off weeds and bushes
Beats out of time, and beats, but flushes
Nothing: that original townland
Still tongue-tied in the straw tied by your hand."
213,heaney_the_harvest_bow,Seamus Heaney,original,4,"The end of art is peace
Could be the motto of this frail device
That I have pinned up on our deal dresser—
Like a drawn snare
Slipped lately by the spirit of the corn
Yet burnished by its passage, and still warm."
214,heaney_the_strand_at_lough_beg,Seamus Heaney,original,0,"Leaving the white glow of filling stations
And a few lonely streetlamps among fields
You climbed the hills toward Newtownhamilton
Past the Fews Forest, out beneath the stars–
Along the road, a high, bare pilgrim’s track
Where Sweeney fled before the bloodied heads,
Goat-beards and dogs’ eyes in a demon pack
Blazing out of the ground, snapping and squealing."
215,heaney_the_strand_at_lough_beg,Seamus Heaney,original,1,"What blazed ahead of you? A faked road block?
The red lamp swung, the sudden brakes and stalling
Engine, voices, heads hooded and the cold-nosed gun?"
216,heaney_the_strand_at_lough_beg,Seamus Heaney,original,2,"Or in your driving mirror, tailing headlights
That pulled out suddenly and flagged you down
Where you weren’t known and far from what you knew:
The lowland clays and waters of Lough Beg,
Church Island’s spire, its soft treeline of yew."
217,heaney_the_strand_at_lough_beg,Seamus Heaney,original,3,"There you used hear guns fired behind the house
Long before rising time, when duck shooters
Haunted the marigolds and bulrushes,
But still were scared to find spent cartridges,
Acrid, brassy, genital, ejected,
On your way across the strand to fetch the cows."
218,heaney_the_strand_at_lough_beg,Seamus Heaney,original,4,"For you and yours and yours and mine fought the shy,
Spoke an old language of conspirators
And could not crack the whip or seize the day:"
219,heaney_the_strand_at_lough_beg,Seamus Heaney,original,5,"Big-voiced scullions, herders, feelers round
Haycocks and hindquarters, talkers in byres,
Slow arbitrators of the burial ground."
220,heaney_the_strand_at_lough_beg,Seamus Heaney,original,6,"Across that strand of ours the cattle graze
Up to their bellies in an early mist
And now they turn their unbewildered gaze
To where we work our way through squeaking sedge
Drowning in dew. Like a dull blade with its edge
Honed bright, Lough Beg half shines under the haze."
221,heaney_the_strand_at_lough_beg,Seamus Heaney,original,7,"I turn because the sweeping of your feet
Has stopped behind me, to find you on your knees
With blood and roadside muck in your hair and eyes,
Then kneel in front of you in brimming grass
And gather up cold handfuls of the dew
To wash you, cousin. I dab you clean with moss
Fine as the drizzle out of a low cloud."
222,heaney_the_strand_at_lough_beg,Seamus Heaney,original,8,"I lift you under the arms and lay you flat.
With rushes that shoot green again, I plait
Green scapulars to wear over your shroud."
223,heaney_the_underground,Seamus Heaney,original,0,"There we were in the vaulted tunnel running,
You in your going-away coat speeding ahead
And me, me then like a fleet god gaining
Upon you before you turned to a reed"
224,heaney_the_underground,Seamus Heaney,original,1,"Or some new white flower japped with crimson
As the coat flapped wild and button after button
Sprang off and fell in a trail
Between the Underground and the Albert Hall."
225,heaney_the_underground,Seamus Heaney,original,2,"Honeymooning, mooning around, late for the Proms,
Our echoes die in that corridor and now
I come as Hansel came on the moonlit stones
Retracing the path back, lifting the buttons"
226,heaney_the_underground,Seamus Heaney,original,3,"To end up in a draughty lamplit station
After the trains have gone, the wet track
Bared and tensed as I am, all attention
For your step following and damned if I look back."
227,olds_i_go_back_to_may_1937,Sharon Olds,original,0,"I see them standing at the formal gates of their colleges,
I see my father strolling out
under the ochre sandstone arch, the   
red tiles glinting like bent
plates of blood behind his head,"
228,olds_i_go_back_to_may_1937,Sharon Olds,original,1,"I
see my mother with a few light books at her hip
standing at the pillar made of tiny bricks,
the wrought-iron gate still open behind her, its
sword-tips aglow in the May air,"
229,olds_i_go_back_to_may_1937,Sharon Olds,original,2,"they are about to graduate, they are about to get married,   
they are kids, they are dumb, all they know is they are   
innocent, they would never hurt anybody."
230,olds_i_go_back_to_may_1937,Sharon Olds,original,3,"I want to go up to them and say Stop,   
don’t do it—she’s the wrong woman,   
he’s the wrong man, you are going to do things
you cannot imagine you would ever do,   
you are going to do bad things to children,
you are going to suffer in ways you have not heard of,
you are going to want to die."
231,olds_i_go_back_to_may_1937,Sharon Olds,original,4,"I want to go
up to them there in the late May sunlight and say it,
her hungry pretty face turning to me,   
her pitiful beautiful untouched body,
his arrogant handsome face turning to me,   
his pitiful beautiful untouched body,   
but I don’t do it."
232,olds_i_go_back_to_may_1937,Sharon Olds,original,5,"I want to live. I   
take them up like the male and female   
paper dolls and bang them together   
at the hips, like chips of flint, as if to   
strike sparks from them,"
233,olds_i_go_back_to_may_1937,Sharon Olds,original,6,"I say
Do what you are going to do, and I will tell about it."
234,olds_my_father_speaks_to_me_from_the_dead,Sharon Olds,original,0,"I seem to have woken up in a pot-shed, 
on clay, on shards, the glitter paths 
of slugs kiss-crossing my body."
235,olds_my_father_speaks_to_me_from_the_dead,Sharon Olds,original,1,"I don't know 
where to start, with this grime on me. 
I take the spider glue-net, plug 
of the dead, out of my mouth, let's see 
if where I have been I can do this."
236,olds_my_father_speaks_to_me_from_the_dead,Sharon Olds,original,2,"I love your feet. I love your knees, 
I love your our my legs, they are so 
long because they are yours and mine 
both."
237,olds_my_father_speaks_to_me_from_the_dead,Sharon Olds,original,3,"I love your—what can I call it, 
between your legs, we never named it, the 
glint and purity of its curls."
238,olds_my_father_speaks_to_me_from_the_dead,Sharon Olds,original,4,"I love 
your rear end, I changed you once, 
washed the detritus off your tiny 
bottom, with my finger rubbed 
the oil on you; when I touched your little 
anus I crossed wires with God for a moment."
239,olds_my_father_speaks_to_me_from_the_dead,Sharon Olds,original,5,"I never hated your shit—that was 
your mother. I love your navel, thistle 
seed fossil, even though 
it's her print on you."
240,olds_my_father_speaks_to_me_from_the_dead,Sharon Olds,original,6,"Of course I love 
your breasts—did you see me looking up 
from within your daughter's face, as she nursed?"
241,olds_my_father_speaks_to_me_from_the_dead,Sharon Olds,original,7,"I love your bony shoulders and you know I 
love your hair, thick and live 
as earth."
242,olds_my_father_speaks_to_me_from_the_dead,Sharon Olds,original,8,"And I never hated your face, 
I hated its eruptions. You know what I love? 
I love your brain, its halves and silvery 
folds, like a woman's labia."
243,olds_my_father_speaks_to_me_from_the_dead,Sharon Olds,original,9,"I love in you 
even what comes 
from deep in your mother—your heart, that hard worker, 
and your womb, it is a heaven to me, 
I lie on its gentle hills and gaze up 
at its rosy vault."
244,olds_my_father_speaks_to_me_from_the_dead,Sharon Olds,original,10,"I have been in a body without breath, 
I have been in the morgue, in fire, in the slagged 
chimney, in the air over the earth, 
and buried in the earth, and pulled down 
into the ocean—where I have been"
245,olds_my_father_speaks_to_me_from_the_dead,Sharon Olds,original,11,"I understand this life, I am matter, 
your father, I made you, when I say now that I love you 
I mean look down at your hand, move it, 
that action is matter's love, for human 
love go elsewhere."
246,olds_my_son_the_man,Sharon Olds,original,0,"Suddenly his shoulders get a lot wider,
the way Houdini would expand his body
while people were putting him in chains."
247,olds_my_son_the_man,Sharon Olds,original,1,"It seems
no time since I would help him to put on his sleeper,
guide his calves into the gold interior,
zip him up and toss him up and
catch his weight."
248,olds_my_son_the_man,Sharon Olds,original,2,"I cannot imagine him
no longer a child, and I know I must get ready,
get over my fear of men now my son
is going to be one."
249,olds_my_son_the_man,Sharon Olds,original,3,"This was not
what I had in mind when he pressed up through me like a
sealed trunk through the ice of the Hudson,
snapped the padlock, unsnaked the chains,
and appeared in my arms."
250,olds_my_son_the_man,Sharon Olds,original,4,"Now he looks at me
the way Houdini studied a box
to learn the way out, then smiled and let himself be manacled."
251,olds_rite_of_passage,Sharon Olds,original,0,"As the guests arrive at our son’s party   
they gather in the living room—
short men, men in first grade
with smooth jaws and chins."
252,olds_rite_of_passage,Sharon Olds,original,1,"Hands in pockets, they stand around
jostling, jockeying for place, small fights
breaking out and calming."
253,olds_rite_of_passage,Sharon Olds,original,2,"One says to another
How old are you? —Six. —I’m seven. —So?
They eye each other, seeing themselves   
tiny in the other’s pupils."
254,olds_rite_of_passage,Sharon Olds,original,3,"They clear their   
throats a lot, a room of small bankers,
they fold their arms and frown."
255,olds_rite_of_passage,Sharon Olds,original,4,"I could beat you
up, a seven says to a six,
the midnight cake, round and heavy as a
turret behind them on the table."
256,olds_rite_of_passage,Sharon Olds,original,5,"My son,
freckles like specks of nutmeg on his cheeks,   
chest narrow as the balsa keel of a   
model boat, long hands
cool and thin as the day they guided him   
out of me, speaks up as a host
for the sake of the group."
257,olds_rite_of_passage,Sharon Olds,original,6,"We could easily kill a two-year-old,
he says in his clear voice. The other   
men agree, they clear their throats
like Generals, they relax and get down to   
playing war, celebrating my son’s life."
258,olds_the_language_of_the_brag,Sharon Olds,original,0,"I have wanted excellence in the knife-throw,
I have wanted to use my exceptionally strong and accurate arms
and my straight posture and quick electric muscles
to achieve something at the center of a crowd,
the blade piercing the bark deep,
the haft slowly and heavily vibrating like the cock."
259,olds_the_language_of_the_brag,Sharon Olds,original,1,"I have wanted some epic use for my excellent body,
some heroism, some American achievement
beyond the ordinary for my extraordinary self,
magnetic and tensile, I have stood by the sandlot
and watched the boys play."
260,olds_the_language_of_the_brag,Sharon Olds,original,2,"I have wanted courage, I have thought about fire
and the crossing of waterfalls, I have dragged around
 
my belly big with cowardice and safety,
my stool black with iron pills,
my huge breasts oozing mucus,
my legs swelling, my hands swelling,
my face swelling and darkening, my hair
falling out, my inner sex
stabbed again and again with terrible pain like a knife
I have lain down."
261,olds_the_language_of_the_brag,Sharon Olds,original,3,"I have lain down and sweated and shaken
and passed blood and feces and water and
slowly alone in the center of a circle I have
passed the new person out
and they have lifted the new person free of the act
and wiped the new person free of that
language of blood like praise all over the body."
262,olds_the_language_of_the_brag,Sharon Olds,original,4,"I have done what you wanted to do, Walt Whitman,
Allen Ginsberg, I have done this thing,
I and the other women this exceptional
act with the exceptional heroic body,
this giving birth, this glistening verb,
and I am putting my proud American boast
right here with the others."
263,olds_the_moment_the_two_worlds_meet,Sharon Olds,original,0,"That’s the moment I always think of—when the
slick, whole body comes out of me,
when they pull it out,"
264,olds_the_moment_the_two_worlds_meet,Sharon Olds,original,1,"not pull it but steady it
as it pushes forth, not catch it but keep their
hands under it as it pulses out,
they are the first to touch it,
and it shines, it glistens with the thick liquid on it."
265,olds_the_moment_the_two_worlds_meet,Sharon Olds,original,2,"that’s the moment, while it’s sliding, the limbs
compressed close to the body, the arms
bent like a crab’s rosy legs, the
thighs closely packed plums in heavy syrup, the
legs folded like the white wings of a chicken—"
266,olds_the_moment_the_two_worlds_meet,Sharon Olds,original,3,"that is the center of life, that moment when the
juiced bluish sphere of the baby is
sliding between the two worlds,
wet, like sex,"
267,olds_the_moment_the_two_worlds_meet,Sharon Olds,original,4,"it is sex
it is my life opening back and back
as you’d strip the reed from the bud,"
268,olds_the_moment_the_two_worlds_meet,Sharon Olds,original,5,"not strip it but
watch it thrust so it peels itself and the
flower is there, severely folded, and
then it begins to open and dry"
269,olds_the_moment_the_two_worlds_meet,Sharon Olds,original,6,"but by then the moment is over,
they wipe off the grease and wrap the child in a blanket and
hand it to you entirely in this world."
270,olds_the_one_girl_at_the_boys_party,Sharon Olds,original,0,"When I take my girl to the swimming party
I set her down among the boys. They tower and
bristle, she stands there smooth and sleek,
her math scores unfolding in the air around her."
271,olds_the_one_girl_at_the_boys_party,Sharon Olds,original,1,"They will strip to their suits, her body hard and
indivisible as a prime number,"
272,olds_the_one_girl_at_the_boys_party,Sharon Olds,original,2,"they'll plunge into the deep end, she'll subtract
her height from ten feet, divide it into
hundreds of gallons of water, the numbers
bouncing in her mind like molecules of chlorine
in the bright blue pool."
273,olds_the_one_girl_at_the_boys_party,Sharon Olds,original,3,"When they climb out,
her ponytail will hang its pencil lead
down her back, her narrow silk suit
with hamburgers and french fries printed on it
will glisten in the brilliant air,"
274,olds_the_one_girl_at_the_boys_party,Sharon Olds,original,4,"and they will
see her sweet face, solemn and
sealed, a factor of one, and she will
see their eyes, two each,
their legs, two each, and the curves of their sexes,
one each,"
275,olds_the_one_girl_at_the_boys_party,Sharon Olds,original,5,"and in her head she'll be doing her
wild multiplying, as the drops
sparkle and fall to the power of a thousand from her body."
276,olds_the_popes_penis,Sharon Olds,original,0,"It hangs deep in his robes, a delicate
clapper at the center of a bell.
It moves when he moves, a ghostly fish in a
halo of silver seaweed, the hair
swaying in the dark and the heat —"
277,olds_the_popes_penis,Sharon Olds,original,1,"and at night
while his eyes sleep, it stands up
in praise of God."
278,olds_the_race,Sharon Olds,original,0,"When I got to the airport I rushed up to the desk,
bought a ticket, ten minutes later
they told me the flight was cancelled, the doctors
had said my father would not live through the night
and the flight was cancelled."
279,olds_the_race,Sharon Olds,original,1,"A young man
with a dark brown moustache told me
another airline had a nonstop
leaving in seven minutes. See that
elevator over there, well go
down to the first floor, make a right, you'll
see a yellow bus, get off at the
second Pan Am terminal,"
280,olds_the_race,Sharon Olds,original,2,"I
ran, I who have no sense of direction
raced exactly where he'd told me, a fish
slipping upstream deftly against
the flow of the river."
281,olds_the_race,Sharon Olds,original,3,"I jumped off that bus with those
bags I had thrown everything into
in five minutes, and ran, the bags
wagged me from side to side as if
to prove I was under the claims of the material,"
282,olds_the_race,Sharon Olds,original,4,"I ran up to a man with a flower on his breast,
I who always go to the end of the line, I said
Help me. He looked at my ticket, he said
Make a left and then a right, go up the moving stairs and then
run."
283,olds_the_race,Sharon Olds,original,5,"I lumbered up the moving stairs,
at the top I saw the corridor,
and then I took a deep breath, I said
goodbye to my body, goodbye to comfort,
I used my legs and heart as if I would
gladly use them up for this,
to touch him again in this life. I ran, and the
bags banged against me, wheeled and coursed
in skewed orbits, I have seen pictures of
women running, their belongings tied
in scarves grasped in their fists, I blessed my
long legs he gave me, my strong
heart I abandoned to its own purpose,"
284,olds_the_race,Sharon Olds,original,6,"I ran to Gate 17 and they were
just lifting the thick white
lozenge of the door to fit it into
the socket of the plane. Like the one who is not
too rich, I turned sideways and
slipped through the needle's eye, and then
I walked down the aisle toward my father."
285,olds_the_race,Sharon Olds,original,7,"The jet
was full, and people's hair was shining, they were
smiling, the interior of the plane was filled with a
mist of gold endorphin light,
I wept as people weep when they enter heaven,
in massive relief. We lifted up
gently from one tip of the continent
and did not stop until we set down lightly on the
other edge, I walked into his room
and watched his chest rise slowly
and sink again, all night
I watched him breathe."
286,olds_the_unborn,Sharon Olds,original,0,"Sometimes I can almost see, around our heads,
Like gnats around a streetlight in summer,
The children we could have,
The glimmer of them."
287,olds_the_unborn,Sharon Olds,original,1,"Sometimes I feel them waiting, dozing
In some antechamber - servants, half-
Listening for the bell."
288,olds_the_unborn,Sharon Olds,original,2,"Sometimes I see them lying like love letters
In the Dead Letter Office"
289,olds_the_unborn,Sharon Olds,original,3,"And sometimes, like tonight, by some black
Second sight I can feel just one of them
Standing on the edge of a cliff by the sea
In the dark, stretching its arms out
Desperately to me."
290,olds_the_victims,Sharon Olds,original,0,"When Mother divorced you, we were glad. She took it and
took it in silence, all those years and then
kicked you out, suddenly, and her
kids loved it."
291,olds_the_victims,Sharon Olds,original,1,"Then you were fired, and we
grinned inside, the way people grinned when
Nixon’s helicopter lifted off the South
Lawn for the last time."
292,olds_the_victims,Sharon Olds,original,2,"We were tickled
to think of your office taken away,
your secretaries taken away,
your lunches with three double bourbons,
your pencils, your reams of paper."
293,olds_the_victims,Sharon Olds,original,3,"Would they take your
suits back, too, those dark
carcasses hung in your closet, and the black
noses of your shoes with their large pores?"
294,olds_the_victims,Sharon Olds,original,4,"She had taught us to take it, to hate you and take it
until we pricked with her for your
annihilation, Father."
295,olds_the_victims,Sharon Olds,original,5,"Now I
pass the bums in doorways, the white
slugs of their bodies gleaming through slits in their
suits of compressed silt, the stained
flippers of their hands, the underwater
fire of their eyes,"
296,olds_the_victims,Sharon Olds,original,6,"ships gone down with the
lanterns lit, and I wonder who took it and
took it from them in silence until they had
given it all away and had nothing
left but this."
297,hughes_crows_fall,Ted Hughes,original,0,"When Crow was white he decided the sun was too white.
He decided it glared much too whitely.
He decided to attack it and defeat it."
298,hughes_crows_fall,Ted Hughes,original,1,"He got his strength up flush and in full glitter.
He clawed and fluffed his rage up.
He aimed his beak direct at the sun's centre."
299,hughes_crows_fall,Ted Hughes,original,2,"He laughed himself to the centre of himself
 
And attacked."
300,hughes_crows_fall,Ted Hughes,original,3,"At his battle cry trees grew suddenly old,
Shadows flattened."
301,hughes_crows_fall,Ted Hughes,original,4,"But the sun brightened—
It brightened, and Crow returned charred black.
 
He opened his mouth but what came out was charred black."
302,hughes_crows_fall,Ted Hughes,original,5,"""Up there,"" he managed,
""Where white is black and black is white, I won."""
303,hughes_examination_at_the_womb_door,Ted Hughes,original,0,"Who owns those scrawny little feet?    Death.
Who owns this bristly scorched-looking face?    Death.
Who owns these still-working lungs?    Death.
Who owns this utility coat of muscles?    Death.
Who owns these unspeakable guts?    Death.
Who owns these questionable brains?    Death.
All this messy blood?    Death.
These minimum-efficiency eyes?    Death.
This wicked little tongue?    Death.
This occasional wakefulness?    Death."
304,hughes_examination_at_the_womb_door,Ted Hughes,original,1,"Given, stolen, or held pending trial?
Held."
305,hughes_examination_at_the_womb_door,Ted Hughes,original,2,"Who owns the whole rainy, stony earth?    Death.
Who owns all of space?    Death."
306,hughes_examination_at_the_womb_door,Ted Hughes,original,3,"Who is stronger than hope?    Death.
Who is stronger than the will?    Death.
Stronger than love?    Death.
Stronger than life?    Death."
307,hughes_examination_at_the_womb_door,Ted Hughes,original,4,"But who is stronger than Death?
                          Me, evidently.
Pass, Crow."
308,hughes_february,Ted Hughes,original,0,"The wolf with its belly stitched full of big pebbles;
Nibelung wolves barbed like black pineforest
Against a red sky, over blue snow; or that long grin
Above the tucked coverlet—none suffice."
309,hughes_february,Ted Hughes,original,1,"A photograph: the hairless, knuckled feet
Of the last wolf killed in Britain spoiled him for wolves:
The worst since has been so much mere Alsatian.
Now it is the dream cries “Wolf!” where these feet"
310,hughes_february,Ted Hughes,original,2,"Print the moonlit doorstep, or run and run
Through the hush of parkland, bodiless, headless;
With small seeming of inconvenience
By day, too, pursue, seige all thought;"
311,hughes_february,Ted Hughes,original,3,"Bring him to an abrupt poring stop
Over engravings of gibbet-hung wolves,
As at a cage where the scraggy Spanish wolf
Danced, smiling, brown eyes doggily begging"
312,hughes_february,Ted Hughes,original,4,"A ball to be thrown. These feet; deprived,
Disdaining all that are caged, or storied, or pictured,
Through and throughout the true world search
For their vanished head, for the world"
313,hughes_february,Ted Hughes,original,5,"Vanished with the head, the teeth, the quick eyes -
Now, lest they choose his head,
Under severe moons he sits making
Wolf-masks, mouths clamped well onto the world."
314,hughes_hawk_roosting,Ted Hughes,original,0,"I sit in the top of the wood, my eyes closed.
Inaction, no falsifying dream
Between my hooked head and hooked feet:
Or in sleep rehearse perfect kills and eat."
315,hughes_hawk_roosting,Ted Hughes,original,1,"The convenience of the high trees!
The air's buoyancy and the sun's ray
Are of advantage to me;
And the earth's face upward for my inspection."
316,hughes_hawk_roosting,Ted Hughes,original,2,"My feet are locked upon the rough bark.
It took the whole of Creation
To produce my foot, my each feather:
Now I hold Creation in my foot"
317,hughes_hawk_roosting,Ted Hughes,original,3,"Or fly up, and revolve it all slowly -
I kill where I please because it is all mine.
There is no sophistry in my body:
My manners are tearing off heads -"
318,hughes_hawk_roosting,Ted Hughes,original,4,"The allotment of death.
For the one path of my flight is direct
Through the bones of the living.
No arguments assert my right:"
319,hughes_hawk_roosting,Ted Hughes,original,5,"The sun is behind me.
Nothing has changed since I began.
My eye has permitted no change.
I am going to keep things like this."
320,hughes_pike,Ted Hughes,original,0,"Pike, three inches long, perfect
Pike in all parts, green tigering the gold.
Killers from the egg: the malevolent aged grin.
They dance on the surface among the flies."
321,hughes_pike,Ted Hughes,original,1,"Or move, stunned by their own grandeur,
Over a bed of emerald, silhouette
Of submarine delicacy and horror.
A hundred feet long in their world."
322,hughes_pike,Ted Hughes,original,2,"In ponds, under the heat-struck lily pads -
Gloom of their stillness:
Logged on last year's black leaves, watching upwards.
Or hung in an amber cavern of weeds"
323,hughes_pike,Ted Hughes,original,3,"The jaws' hooked clamp and fangs
Not to be changed at this date;
A life subdued to its instrument;
The gills kneading quietly, and the pectorals."
324,hughes_pike,Ted Hughes,original,4,"Three we kept behind glass,
Jungled in weed: three inches, four,
And four and a half: fed fry to them -
Suddenly there were two. Finally one"
325,hughes_pike,Ted Hughes,original,5,"With a sag belly and the grin it was born with.
And indeed they spare nobody.
Two, six pounds each, over two foot long.
High and dry in the willow-herb -"
326,hughes_pike,Ted Hughes,original,6,"One jammed past its gills down the other's gullet:
The outside eye stared: as a vice locks -
The same iron in his eye
Though its film shrank in death."
327,hughes_pike,Ted Hughes,original,7,"A pond I fished, fifty yards across,
Whose lilies and muscular tench
Had outlasted every visible stone
Of the monastery that planted them -"
328,hughes_pike,Ted Hughes,original,8,"Stilled legendary depth:
It was as deep as England. It held
Pike too immense to stir, so immense and old
That past nightfall I dared not cast"
329,hughes_pike,Ted Hughes,original,9,"But silently cast and fished
With the hair frozen on my head
For what might move, for what eye might move.
The still splashes on the dark pond,"
330,hughes_pike,Ted Hughes,original,10,"Owls hushing the floating woods
Frail on my ear against the dream
Darkness beneath night's darkness had freed,
That rose slowly towards me, watching."
331,hughes_that_morning,Ted Hughes,original,0,"We came where the salmon were so many
So steady, so spaced, so far-aimed
On their inner map, England could add"
332,hughes_that_morning,Ted Hughes,original,1,"Only the sooty twilight of South Yorkshire
Hung with the drumming drift of Lancasters
Till the world had seemed capsizing slowly."
333,hughes_that_morning,Ted Hughes,original,2,"Solemn to stand there in the pollen light
Waist-deep in wild salmon swaying massed
As from the hand of God. There the body"
334,hughes_that_morning,Ted Hughes,original,3,"Separated, golden and imperishable,
From its doubting thought – a spirit-beacon
Lit by the power of the salmon"
335,hughes_that_morning,Ted Hughes,original,4,"That came on, came on, and kept on coming
As if we flew slowly, their formations
Lifting us toward some dazzle of blessing"
336,hughes_that_morning,Ted Hughes,original,5,"One wrong thought might darken. As if the fallen
World and salmon were over. As if these
Were the imperishable fish"
337,hughes_that_morning,Ted Hughes,original,6,That had let the world pass away –
338,hughes_that_morning,Ted Hughes,original,7,"There, in a mauve light of drifted lupins,
They hung in the cupped hands of mountains"
339,hughes_that_morning,Ted Hughes,original,8,"Made of tingling atoms. It had happened.
Then for a sign that we were where we were
Two gold bears came down and swam like men"
340,hughes_that_morning,Ted Hughes,original,9,"Beside us. And dived like children.
And stood in deep water as on a throne
Eating pierced salmon off their talons."
341,hughes_that_morning,Ted Hughes,original,10,So we found the end of our journey.
342,hughes_that_morning,Ted Hughes,original,11,"So we stood, alive in the river of light,
Among the creatures of light, creatures of light."
343,hughes_the_thought_fox,Ted Hughes,original,0,"I imagine this midnight moment's forest:
Something else is alive
Beside the clock's loneliness
And this blank page where my fingers move."
344,hughes_the_thought_fox,Ted Hughes,original,1,"Through the window I see no star:
Something more near
Though deeper within darkness
Is entering the loneliness:"
345,hughes_the_thought_fox,Ted Hughes,original,2,"Cold, delicately as the dark snow
A fox's nose touches twig, leaf;
Two eyes serve a movement, that now
And again now, and now, and now"
346,hughes_the_thought_fox,Ted Hughes,original,3,"Sets neat prints into the snow
Between trees, and warily a lame
Shadow lags by stump and in hollow
Of a body that is bold to come"
347,hughes_the_thought_fox,Ted Hughes,original,4,"Across clearings, an eye,
A widening deepening greenness,
Brilliantly, concentratedly,
Coming about its own business"
348,hughes_the_thought_fox,Ted Hughes,original,5,"Till, with a sudden sharp hot stink of fox
It enters the dark hole of the head.
The window is starless still; the clock ticks,
The page is printed."
349,hughes_wind,Ted Hughes,original,0,"This house has been far out at sea all night,
The woods crashing through darkness, the booming hills,
Winds stampeding the fields under the window
Floundering black astride and blinding wet"
350,hughes_wind,Ted Hughes,original,1,"Till day rose; then under an orange sky
The hills had new places, and wind wielded
Blade-light, luminous black and emerald,
Flexing like the lens of a mad eye."
351,hughes_wind,Ted Hughes,original,2,"At noon I scaled along the house-side as far as
The coal-house door. Once I looked up -
Through the brunt wind that dented the balls of my eyes
The tent of the hills drummed and strained its guyrope,"
352,hughes_wind,Ted Hughes,original,3,"The fields quivering, the skyline a grimace,
At any second to bang and vanish with a flap;
The wind flung a magpie away and a black-
Back gull bent like an iron bar slowly. The house"
353,hughes_wind,Ted Hughes,original,4,"Rang like some fine green goblet in the note
That any second would shatter it. Now deep
In chairs, in front of the great fire, we grip
Our hearts and cannot entertain book, thought,"
354,hughes_wind,Ted Hughes,original,5,"Or each other. We watch the fire blazing,
And feel the roots of the house move, but sit on,
Seeing the window tremble to come in,
Hearing the stones cry out under the horizons."
355,hughes_wodwo,Ted Hughes,original,0,"What am I? Nosing here, turning leaves over
Following a faint stain on the air to the river's edge
I enter water. Who am I to split
The glassy grain of water looking upward I see the bed
Of the river above me upside down very clear"
356,hughes_wodwo,Ted Hughes,original,1,"What am I doing here in mid-air? Why do I find
this frog so interesting as I inspect its most secret
interior and make it my own? Do these weeds"
357,hughes_wodwo,Ted Hughes,original,2,"know me and name me to each other have they
seen me before do I fit in their world? I seem
separate from the ground and not rooted but dropped
out of nothing casually I've no threads"
358,hughes_wodwo,Ted Hughes,original,3,"fastening me to anything I can go anywhere
I seem to have been given the freedom
of this place what am I then? And picking"
359,hughes_wodwo,Ted Hughes,original,4,"bits of bark off this rotten stump gives me
no pleasure and it's no use so why do I do it
me and doing that have coincided very queerly"
360,hughes_wodwo,Ted Hughes,original,5,"But what shall I be called am I the first
have I an owner what shape am I what
shape am I am I huge if I go
to the end on this way past these trees and past these trees
till I get tired that's touching one wall of me"
361,hughes_wodwo,Ted Hughes,original,6,"for the moment if I sit still how everything
stops to watch me I suppose I am the exact centre
but there's all this what is it roots"
362,hughes_wodwo,Ted Hughes,original,7,"roots roots roots and here's the water
again very queer but I'll go on looking"
363,hughes_snowdrop,Ted Hughes,original,0,"Now is the globe shrunk tight
Round the mouse’s dulled wintering heart."
364,hughes_snowdrop,Ted Hughes,original,1,"Weasel and crow, as if moulded in brass,
Move through an outer darkness
Not in their right minds,
With the other deaths."
365,hughes_snowdrop,Ted Hughes,original,2,"She, too, pursues her ends,
Brutal as the stars of this month,
Her pale head heavy as metal."
366,hughes_view_of_a_pig,Ted Hughes,original,0,"The pig lay on a barrow dead.
It weighed, they said, as much as three men.
Its eyes closed, pink white eyelashes.
Its trotters stuck straight out."
367,hughes_view_of_a_pig,Ted Hughes,original,1,"Such weight and thick pink bulk
Set in death seemed not just dead.
It was less than lifeless, further off.
It was like a sack of wheat."
368,hughes_view_of_a_pig,Ted Hughes,original,2,"I thumped it without feeling remorse.
One feels guilty insulting the dead,
Walking on graves. But this pig
Did not seem able to accuse."
369,hughes_view_of_a_pig,Ted Hughes,original,3,"It was too dead. Just so much
A poundage of lard and pork.
Its last dignity had entirely gone.
It was not a figure of fun."
370,hughes_view_of_a_pig,Ted Hughes,original,4,"Too dead now to pity.
To remember its life, din, stronghold
Of earthly pleasure as it had been,
Seemed a false effort, and off the point."
371,hughes_view_of_a_pig,Ted Hughes,original,5,"Too deadly factual. Its weight
Oppressed me—how could it be moved?
And the trouble of cutting it up!
The gash in its throat was shocking, but not pathetic."
372,hughes_view_of_a_pig,Ted Hughes,original,6,"Once I ran at a fair in the noise
To catch a greased piglet
That was faster and nimbler than a cat,
Its squeal was the rending of metal."
373,hughes_view_of_a_pig,Ted Hughes,original,7,"Pigs must have hot blood, they feel like ovens.
Their bite is worse than a horse’s—
They chop a half-moon clean out.
They eat cinders, dead cats."
374,hughes_view_of_a_pig,Ted Hughes,original,8,"Distinctions and admirations such
As this one was long finished with.
I stared at it a long time. They were going to scald it,
Scald it and scour it like a doorstep."
375,hughes_relic,Ted Hughes,original,0,"I found this jawbone at the sea's edge:
There, crabs, dogfish, broken by the breakers or tossed
To flap for half an hour and turn to a crust
Continue the beginning. The deeps are cold:
In that darkness camaraderie does not hold."
376,hughes_relic,Ted Hughes,original,1,"Nothing touches but, clutching, devours. And the jaws,
Before they are satisfied or their stretched purpose
Slacken, go down jaws; go gnawn bare. Jaws
Eat and are finished and the jawbone comes to the beach:
This is the sea's achievement; with shells,
Verterbrae, claws, carapaces, skulls."
377,hughes_relic,Ted Hughes,original,2,"Time in the sea eats its tail, thrives, casts these
Indigestibles, the spars of purposes
That failed far from the surface. None grow rich
In the sea. This curved jawbone did not laugh
But gripped, gripped and is now a cenotaph."
378,gluck_vespers,Louise Gluck,original,0,"Once I believed in you; I planted a fig tree.
Here, in Vermont, country
of no summer. It was a test: if the tree lived,
it would mean you existed."
379,gluck_vespers,Louise Gluck,original,1,"By this logic, you do not exist. Or you exist
exclusively in warmer climates,
in fervent Sicily and Mexico and California,
where are grown the unimaginable
apricot and fragile peach."
380,gluck_vespers,Louise Gluck,original,2,"Perhaps
they see your face in Sicily; here we barely see
the hem of your garment. I have to discipline myself
to share with John and Noah the tomato crop."
381,gluck_vespers,Louise Gluck,original,3,"If there is justice in some other world, those
like myself, whom nature forces
into lives of abstinence, should get
the lion's share of all things, all
objects of hunger, greed being
praise of you."
382,gluck_vespers,Louise Gluck,original,4,"And no one praises
more intensely than I, with more
painfully checked desire, or more deserves
to sit at your right hand, if it exists, partaking
of the perishable, the immortal fig,
which does not travel."
383,gluck_snowdrops,Louise Gluck,original,0,"Do you know what I was, how I lived?  You know
what despair is; then
winter should have meaning for you."
384,gluck_snowdrops,Louise Gluck,original,1,"I did not expect to survive,
earth suppressing me. I didn't expect
to waken again, to feel
in damp earth my body
able to respond again, remembering
after so long how to open again
in the cold light
of earliest spring-"
385,gluck_snowdrops,Louise Gluck,original,2,"afraid, yes, but among you again
crying yes risk joy
 
in the raw wind of the new world."
386,gluck_celestial_music,Louise Gluck,original,0,"I have a friend who still believes in heaven.
Not a stupid person, yet with all she knows, she literally talks to god,
she thinks someone listens in heaven.
On earth, she's unusually competent.
Brave, too, able to face unpleasantness."
387,gluck_celestial_music,Louise Gluck,original,1,"We found a caterpillar dying in the dirt, greedy ants crawling over it.
I'm always moved by weakness, by disaster, always eager to oppose vitality.
But timid, also, quick to shut my eyes."
388,gluck_celestial_music,Louise Gluck,original,2,"Whereas my friend was able to watch, to let events play out
according to nature. For my sake, she intervened,
brushing a few ants off the torn thing, and set it down across the road."
389,gluck_celestial_music,Louise Gluck,original,3,"My friend says I shut my eyes to god, that nothing else explains
my aversion to reality. She says I'm like the child who buries her head in the pillow
so as not to see, the child who tells herself
that light causes sadness–
My friend is like the mother. Patient, urging me
to wake up an adult like herself, a courageous person–"
390,gluck_celestial_music,Louise Gluck,original,4,"In my dreams, my friend reproaches me. We're walking
on the same road, except it's winter now;
she's telling me that when you love the world you hear celestial music:
look up, she says. When I look up, nothing."
391,gluck_celestial_music,Louise Gluck,original,5,"Only clouds, snow, a white business in the trees
like brides leaping to a great height–
Then I'm afraid for her; I see her
caught in a net deliberately cast over the earth–"
392,gluck_celestial_music,Louise Gluck,original,6,"In reality, we sit by the side of the road, watching the sun set;
from time to time, the silence pierced by a birdcall.
It's this moment we're both trying to explain, the fact
that we're at ease with death, with solitude."
393,gluck_celestial_music,Louise Gluck,original,7,"My friend draws a circle in the dirt; inside, the caterpillar doesn't move.
She's always trying to make something whole, something beautiful, an image
capable of life apart from her."
394,gluck_celestial_music,Louise Gluck,original,8,"We're very quiet. It's peaceful sitting here, not speaking, the composition
fixed, the road turning suddenly dark, the air
going cool, here and there the rocks shining and glittering–
it's this stillness that we both love.
The love of form is a love of endings."
395,olds_sex_without_love,Sharon Olds,original,0,"How do they do it, the ones who make love
without love? Beautiful as dancers,
gliding over each other like ice-skaters
over the ice, fingers hooked
inside each other's bodies, faces
red as steak, wine, wet as the
children at birth whose mothers are going to
give them away."
396,olds_sex_without_love,Sharon Olds,original,1,"How do they come to the
come to the come to the God come to the
still waters, and not love
the one who came there with them, light
rising slowly as steam off their joined
skin?"
397,olds_sex_without_love,Sharon Olds,original,2,"These are the true religious,
the purists, the pros, the ones who will not
accept a false Messiah, love the
priest instead of the God."
398,olds_sex_without_love,Sharon Olds,original,3,"They do not
mistake the lover for their own pleasure,
they are like great runners: they know they are alone
with the road surface, the cold, the wind,
the fit of their shoes, their over-all cardio-
vascular health- just factors, like the partner
in the bed, and not the truth, which is the
single body alone in the universe
against its own best time."
399,olds_the_end,Sharon Olds,original,0,"We decided to have the abortion, became
killers together. The period that came
changed nothing. They were dead, that young couple
who had been for life."
400,olds_the_end,Sharon Olds,original,1,"As we talked of it in bed, the crash
was not a surprise. We went to the window,
looked at the crushed cars and the gleaming
curved shears of glass as if we had
done it."
401,olds_the_end,Sharon Olds,original,2,"Cops pulled the bodies out
Bloody as births from the small, smoking
aperture of the door, laid them
on the hill, covered them with blankets that soaked
through."
402,olds_the_end,Sharon Olds,original,3,"Blood
began to pour
down my legs into my slippers. I stood
where I was until they shot the bound
form into the black hole
of the ambulance and stood the other one
up, a bandage covering its head,
stained where the eyes had been."
403,olds_the_end,Sharon Olds,original,4,"The next morning I had to kneel
an hour on that floor, to clean up my blood,
rubbing with wet cloths at those glittering
translucent spots, as one has to soak
a long time to deglaze the pan
when the feast is over."
404,olds_the_food_thief,Sharon Olds,original,0,"They drive him along the road in the steady 
conscious way they drove their cattle 
when they had cattle, when they had homes 
and living children."
405,olds_the_food_thief,Sharon Olds,original,1,"They drive him with pliant 
peeled sticks, snapped from trees
whose bark cannot be eaten-snapped, 
not cut, no one has a knife, and the trees that can be 
eaten have been eaten leaf and trunk and the 
long roots pulled from the ground and eaten."
406,olds_the_food_thief,Sharon Olds,original,2,"They drive him and beat him, a loose circle of 
thin men with sapling sticks, 
driving him along slowly, slowly 
beating him to death."
407,olds_the_food_thief,Sharon Olds,original,3,"He turns to them 
with all the eloquence of the body, the 
wrist turned out and the vein up his forearm 
running like a root just under the surface, the 
wounds on his head ripe and wet as a 
loam furrow cut back and cut back at 
plough-time to farrow a trench for the seed, his 
eye pleading, the iris black and 
gleaming as his skin, the white a dark 
occluded white like cloud-cover on the 
morning of a day of heavy rain."
408,olds_the_food_thief,Sharon Olds,original,4,"His lips are open to his brothers as the body of a 
woman might be open, as the earth itself was
split and folded back and wet and
seedy to them once, the lines on his lips
fine as the thousand tributaries of a
root-hair, a river, he is asking them for life
with his whole body, and they are driving his body 
all the way down the road because
they know the life he is asking for –
it is their life."
409,collins_the_history_teacher,Billy Collins,original,0,"Trying to protect his students' innocence
he told them the Ice Age was really just
the Chilly Age, a period of a million years
when everyone had to wear sweaters."
410,collins_the_history_teacher,Billy Collins,original,1,"And the Stone Age became the Gravel Age,
named after the long driveways of the time."
411,collins_the_history_teacher,Billy Collins,original,2,"The Spanish Inquisition was nothing more
than an outbreak of questions such as
""How far is it from here to Madrid?""
""What do you call the matador's hat?"""
412,collins_the_history_teacher,Billy Collins,original,3,"The War of the Roses took place in a garden,
and the Enola Gay dropped one tiny atom
on Japan."
413,collins_the_history_teacher,Billy Collins,original,4,"The children would leave his classroom
for the playground to torment the weak
and the smart,
mussing up their hair and breaking their glasses,"
414,collins_the_history_teacher,Billy Collins,original,5,"while he gathered up his notes and walked home
past flower beds and white picket fences,
wondering if they would believe that soldiers
in the Boer War told long, rambling stories
designed to make the enemy nod off."